kuu,tootaja_nimi,palk,tunnid,tunnihind,tyyp
202401,Töötaja 18,1085.523905,116.3447222,9.330237628,1
202401,Töötaja 19,4109.653071,240.7427778,17.07072216,0
202401,Töötaja 20,2655.473184,138.4994444,19.17316849,0
202401,Töötaja 23,2012.619249,203.0758333,9.91067827,1
202401,Töötaja 24,2997.803364,197.5647222,15.17377865,0
202401,Töötaja 25,470.7449945,116.5072222,4.040479083,1
202401,Töötaja 26,1434.100268,156.1425,9.184560691,1
202401,Töötaja 27,2953.394971,233.5630556,12.64495776,0
202401,Töötaja 30,1346.36217,167.0111111,8.061512562,1
202401,Töötaja 31,1584.854115,139.5811111,11.3543595,0
202401,Töötaja 32,1945.325192,198.1988889,9.815015628,1
202401,Töötaja 33,4439.461732,260.0602778,17.07089514,0
202401,Töötaja 5,2429.79872,0.013055556,186112.2424,2
202401,Töötaja 7,2735.082173,157.7322222,17.34003449,0
202402,Töötaja 18,1294.002103,117.8591667,10.97922325,0
202402,Töötaja 19,3804.420991,222.8552778,17.0712627,0
202402,Töötaja 20,2655.473184,148.9091667,17.83283893,0
202402,Töötaja 23,1934.130166,195.1575,9.910611513,1
202402,Töötaja 24,2799.784061,184.5061111,15.17447874,0
202402,Töötaja 25,2498.560616,201.6925,12.38796988,0
202402,Töötaja 26,1677.686823,176.1819444,9.522467405,1
202402,Töötaja 27,2613.244032,206.6566667,12.64534106,0
202402,Töötaja 30,983.8503331,137.6041667,7.14985859,1
202402,Töötaja 31,2173.751817,170.3058333,12.76381304,0
202402,Töötaja 32,2656.93087,190.1888889,13.96995842,0
202402,Töötaja 33,4318.255172,252.9602778,17.07088247,0
202402,Töötaja 5,2429.79872,0.01,242979.872,2
202402,Töötaja 7,3285.827109,187.2722222,17.54572605,0
202403,Töötaja 18,1913.482049,173.8511111,11.0064413,0
202403,Töötaja 19,3232.884324,189.3805556,17.07083557,0
202403,Töötaja 20,2655.473184,169.0422222,15.70893443,0
202403,Töötaja 23,1888.147473,181.1825,10.42124639,0
202403,Töötaja 24,3033.771757,199.9302778,15.17414866,0
202403,Töötaja 25,2464.625694,198.9477778,12.38830472,0
202403,Töötaja 26,1868.381256,191.8697222,9.73775974,1
202403,Töötaja 27,2549.506728,201.6236111,12.64488179,0
202403,Töötaja 30,1327.332084,170.5547222,7.782441125,1
202403,Töötaja 31,1486.387451,101.0197222,14.71383427,0
202403,Töötaja 32,1338.811359,135.0919444,9.910371519,1
202403,Töötaja 33,3882.611247,227.4352778,17.07127973,0
202403,Töötaja 5,2429.79872,0.018055556,134573.4676,2
202403,Töötaja 7,2878.05967,170.0322222,16.92655446,0
202404,Töötaja 18,2416.164936,216.7105556,11.14927203,0
202404,Töötaja 19,3924.089692,229.8652778,17.071259,0
202404,Töötaja 20,2655.473184,176.2352778,15.06777314,0
202404,Töötaja 23,2049.972443,159.3886111,12.86147378,0
202404,Töötaja 24,2916.807062,134.2736111,21.72286154,0
202404,Töötaja 25,2746.440055,221.6983333,12.3881854,0
202404,Töötaja 26,1937.300632,197.54,9.807130872,1
202404,Töötaja 27,2893.513246,132.4330556,21.84887477,0
202404,Töötaja 30,1580.79446,201.9766667,7.826619214,1
202404,Töötaja 31,2129.321559,177.9452778,11.96615941,0
202404,Töötaja 32,1530.504306,98.90777778,15.47405412,0
202404,Töötaja 33,5000.408312,292.9225,17.07075528,0
202404,Töötaja 7,3813.304871,212.8483333,17.91559657,0
202405,Töötaja 18,2228.225529,200.9661111,11.08756853,0
202405,Töötaja 19,4136.45991,242.3086111,17.07103966,0
202405,Töötaja 20,2589.658678,180.9344444,14.31269036,0
202405,Töötaja 23,2086.757139,210.5622222,9.910406136,1
202405,Töötaja 24,3135.554655,180.8138889,17.34133741,0
202405,Töötaja 25,2559.506451,206.61,12.38810537,0
202405,Töötaja 26,2106.071474,212.5069444,9.910600706,1
202405,Töötaja 27,2952.768167,233.5133333,12.64496603,0
202405,Töötaja 30,1580.79446,213.0108333,7.421192788,1
202405,Töötaja 31,2105.976724,167.9494444,12.53934915,0
202405,Töötaja 33,4529.087532,265.3077778,17.07106957,0
202405,Töötaja 5,2429.79872,0.056666667,42878.80095,2
202405,Töötaja 7,4448.466606,212.4366667,20.9402015,0
202406,Töötaja 18,1501.518228,143.7244444,10.44720147,0
202406,Töötaja 19,4355.644808,239.6488889,18.17510955,0
202406,Töötaja 20,2655.473184,151.8208333,17.49083526,0
202406,Töötaja 23,1790.431518,180.6611111,9.910442301,1
202406,Töötaja 24,2631.355776,173.4088889,15.17428427,0
202406,Töötaja 25,2053.070025,165.725,12.38841469,0
202406,Töötaja 26,1541.743062,114.8041667,13.4293302,0
202406,Töötaja 27,2513.844449,198.7991667,12.64514581,0
202406,Töötaja 30,1139.174024,136.4947222,8.345919944,1
202406,Töötaja 31,2095.627156,122.3775,17.12428474,0
202406,Töötaja 33,4584.749257,252.07,18.1883971,0
202406,Töötaja 34,2581.342582,1.834166667,1407.365333,2
202406,Töötaja 7,2923.222104,166.4769444,17.55932099,0
202407,Töötaja 18,2028.019697,108.0836111,18.76343394,0
202407,Töötaja 19,4159.330997,225.2033333,18.46922484,0
202407,Töötaja 20,2595.197884,104.9655556,24.72428093,0
202407,Töötaja 23,2163.518864,123.7197222,17.48725931,0
202407,Töötaja 24,3188.701873,210.1444444,15.17385759,0
202407,Töötaja 25,2426.813329,109.7877778,22.10458558,0
202407,Töötaja 26,1966.461633,115.1083333,17.08357316,0
202407,Töötaja 27,2863.492211,226.4475,12.64528074,0
202407,Töötaja 30,1067.514199,123.6619444,8.632519924,1
202407,Töötaja 31,1773.230827,95.395,18.58829946,0
202407,Töötaja 33,6192.212076,94.51444444,65.5160395,2
202407,Töötaja 5,2473.124564,0.014444444,171216.316,2
202407,Töötaja 7,3391.508533,71.29,47.57341188,2
202408,Töötaja 18,1911.06958,175.7788889,10.87200853,0
202408,Töötaja 19,6111.441716,120.0052778,50.92644114,2
202408,Töötaja 20,2512.824069,168.8983333,14.87773159,0
202408,Töötaja 23,2157.615237,217.7130556,9.910362205,1
202408,Töötaja 24,2958.810274,194.9861111,15.17446682,0
202408,Töötaja 25,2574.250941,207.8030556,12.38793595,0
202408,Töötaja 26,410.6008857,28.12916667,14.59698009,0
202408,Töötaja 27,2902.558185,229.5397222,12.64512372,0
202408,Töötaja 30,1590.750453,187.8113889,8.469936048,1
202408,Töötaja 31,2105.976724,164.4872222,12.80328463,0
202408,Töötaja 33,4328.83797,253.5836111,17.07065354,0
202408,Töötaja 5,2429.79872,2.081111111,1167.548771,2
202408,Töötaja 7,3563.395741,199.8288889,17.83223517,0
202409,Töötaja 18,1162.613609,118.8108333,9.785417513,1
202409,Töötaja 19,3966.100191,232.3338889,17.07069171,0
202409,Töötaja 20,2450.602759,81.17722222,30.18830519,2
202409,Töötaja 23,2464.96825,200.1483333,12.3157071,0
202409,Töötaja 24,2934.678288,193.3966667,15.17439953,0
202409,Töötaja 25,1580.37902,134.5388889,11.7466335,0
202409,Töötaja 26,1703.502436,152.7944444,11.14898151,0
202409,Töötaja 27,2838.835459,224.4994444,12.6451781,0
202409,Töötaja 30,1393.700511,144.7447222,9.6286793,1
202409,Töötaja 31,2105.976724,144.8633333,14.53767959,0
202409,Töötaja 33,3687.660373,216.0180556,17.07107474,0
202409,Töötaja 5,2429.79872,2.005555556,1211.533988,2
202409,Töötaja 7,3993.556312,198.785,20.08982726,0
202410,Töötaja 18,1291.968631,73.7375,17.52118842,0
202410,Töötaja 19,4168.54357,244.1913889,17.07080495,0
202410,Töötaja 20,2412.557164,161.6888889,14.92098301,0
202410,Töötaja 23,2492.788181,251.5280556,9.910577073,1
202410,Töötaja 24,4128.012622,179.8225,22.95604066,0
202410,Töötaja 25,2559.994776,160.5727778,15.942894,0
202410,Töötaja 26,1909.313069,171.2547222,11.14896596,0
202410,Töötaja 27,2946.638599,134.9116667,21.84124377,0
202410,Töötaja 30,1600.116083,215.7672222,7.415936798,1
202410,Töötaja 31,1276.356818,96.11666667,13.27924555,0
202410,Töötaja 33,3508.598271,205.5297222,17.07100186,0
202410,Töötaja 5,2429.79872,34.51277778,70.40287327,2
202410,Töötaja 7,3754.379069,209.7841667,17.89638908,0
202411,Töötaja 18,1826.487372,19.46444444,93.83711807,2
202411,Töötaja 19,4824.764483,282.6302778,17.07093989,0
202411,Töötaja 20,2149.670851,133.4919444,16.10337507,0
202411,Töötaja 21,1355.195745,81.68166667,16.59118625,0
202411,Töötaja 23,2679.299056,270.3486111,9.910533828,1
202411,Töötaja 24,2125.75023,140.0908333,15.17408512,0
202411,Töötaja 25,2263.683731,129.3227778,17.50413787,0
202411,Töötaja 26,2007.320561,180.0366667,11.1495097,0
202411,Töötaja 27,3188.847641,252.1844444,12.64490222,0
202411,Töötaja 30,1588.272387,182.7388889,8.691485414,1
202411,Töötaja 31,2105.976724,168.7138889,12.48253323,0
202411,Töötaja 33,5127.081193,300.3163889,17.07226573,0
202411,Töötaja 5,2429.79872,2.2,1104.453964,2
202411,Töötaja 7,3510.798432,197.0866667,17.81347512,0
202412,Töötaja 19,2799.900676,153.2777778,18.26684022,0
202412,Töötaja 20,2723.568968,130.9422222,20.79977659,0
202412,Töötaja 21,2493.152602,150.9433333,16.51714287,0
202412,Töötaja 23,2663.432148,262.0255556,10.16478008,0
202412,Töötaja 24,2751.512801,169.4580556,16.23713191,0
202412,Töötaja 25,339.6407497,9.112777778,37.27082543,2
202412,Töötaja 26,1509.550075,132.0108333,11.43504694,0
202412,Töötaja 27,2359.883694,199.0319444,11.85680872,0
202412,Töötaja 30,1397.381167,154.0452778,9.071236633,1
202412,Töötaja 31,2236.228223,118.9238889,18.80386055,0
202412,Töötaja 33,3380.606185,185.0741667,18.266224,0
202412,Töötaja 5,2469.086277,2.027222222,1217.965278,2
202412,Töötaja 7,2313.783706,132.2030556,17.50174152,0
202501,Töötaja 19,4676.612605,256.0236111,18.26633327,0
202501,Töötaja 20,2723.568968,179.4736111,15.17531715,0
202501,Töötaja 21,3256.083391,197.1272222,16.517675,0
202501,Töötaja 23,2714.159607,267.0241667,10.16447178,0
202501,Töötaja 24,3245.937899,199.9144444,16.23663517,0
202501,Töötaja 25,862.0169689,54.43722222,15.8350653,0
202501,Töötaja 26,1795.256457,57.85666667,31.02937934,2
202501,Töötaja 27,2933.257045,243.2433333,12.05894116,0
202501,Töötaja 30,1595.458777,75.33055556,21.17943729,0
202501,Töötaja 31,1571.421542,113.8955556,13.79704005,0
202501,Töötaja 33,4577.234888,250.5794444,18.26660163,0
202501,Töötaja 5,2469.086277,0.015277778,161612.9199,2
202501,Töötaja 7,3293.250919,181.9461111,18.10014459,0
202502,Töötaja 19,3845.483995,210.5186111,18.26671749,0
202502,Töötaja 20,2442.949909,106.3058333,22.98039376,0
202502,Töötaja 21,2747.358397,166.3313889,16.51737784,0
202502,Töötaja 23,2732.140159,268.7911111,10.16454803,0
202502,Töötaja 24,3137.4788,193.2266667,16.23729713,0
202502,Töötaja 25,1259.126974,83.86888889,15.01303989,0
202502,Töötaja 26,1355.305071,118.5241667,11.4348416,0
202502,Töötaja 27,2338.477581,197.3816667,11.84749131,0
202502,Töötaja 30,806.2532054,106.185,7.592910537,1
202502,Töötaja 31,1714.770346,120.6655556,14.21093482,0
202502,Töötaja 33,3932.974286,179.6225,21.89577745,0
202502,Töötaja 7,3104.646308,169.6911111,18.29586882,0
202503,Töötaja 19,4358.239489,238.5866667,18.26690297,0
202503,Töötaja 20,2723.568968,149.2444444,18.24904758,0
202503,Töötaja 21,2740.747793,165.9280556,16.51768764,0
202503,Töötaja 23,3066.467645,301.6811111,10.16459941,0
202503,Töötaja 24,3152.565846,194.1647222,16.23655322,0
202503,Töötaja 25,1431.17032,112.6397222,12.70573374,0
202503,Töötaja 26,1772.669618,155.0197222,11.43512318,0
202503,Töötaja 27,2645.189212,170.1011111,15.55068744,0
202503,Töötaja 30,1570.648968,153.2566667,10.24848708,0
202503,Töötaja 31,1843.177872,143.3566667,12.85728746,0
202503,Töötaja 33,4667.305283,255.5136111,18.26636656,0
202503,Töötaja 5,2469.086277,0.011944444,206714.1999,2
202503,Töötaja 7,3485.783179,191.7272222,18.18095072,0
202504,Töötaja 19,4319.319283,236.4625,18.26640284,0
202504,Töötaja 20,2723.568968,176.4830556,15.43246721,0
202504,Töötaja 21,2832.581987,171.4869444,16.51777047,0
202504,Töötaja 23,2942.353003,289.4747222,10.16445574,0
202504,Töötaja 24,3107.588956,191.3908333,16.23687458,0
202504,Töötaja 25,1626.886479,86.04444444,18.90751332,0
202504,Töötaja 26,2207.562835,193.0508333,11.43513756,0
202504,Töötaja 27,2720.427656,226.8269444,11.99340608,0
202504,Töötaja 30,1612.572007,195.3283333,8.255699412,1
202504,Töötaja 31,2159.983976,175.1441667,12.33260586,0
202504,Töötaja 33,4540.165943,248.5486111,18.26671218,0
202504,Töötaja 5,2469.086277,4,617.2715691,2
202504,Töötaja 7,3619.444955,198.5177778,18.23234672,0
202505,Töötaja 19,4444.447016,243.3058333,18.26691516,0
202505,Töötaja 20,2723.568968,175.4769444,15.5209505,0
202505,Töötaja 21,2740.915427,165.9372222,16.5177854,0
202505,Töötaja 23,2979.31991,161.1716667,18.48538252,0
202505,Töötaja 24,2971.135005,168.9147222,17.58955624,0
202505,Töötaja 25,1586.574184,124.8733333,12.70546834,0
202505,Töötaja 26,2132.892889,186.5158333,11.43545216,0
202505,Töötaja 27,2359.490119,199.0005556,11.85670117,0
202505,Töötaja 30,1571.093562,159.5358333,9.847903944,1
202505,Töötaja 31,1926.499182,142.6997222,13.50037093,0
202505,Töötaja 33,4577.234888,250.5827778,18.26635864,0
202505,Töötaja 5,2469.086277,1.015833333,2430.601749,2
202505,Töötaja 7,3546.213658,194.8013889,18.20425244,0
202506,Töötaja 19,3548.655472,194.2677778,18.26682486,0
202506,Töötaja 20,2614.009317,80.43916667,32.49672299,2
202506,Töötaja 21,2835.468205,136.5661111,20.76260488,0
202506,Töötaja 23,3517.555749,244.0477778,14.41338979,0
202506,Töötaja 24,3411.582004,121.9363889,27.97837492,0
202506,Töötaja 25,1303.098061,102.5602778,12.70567991,0
202506,Töötaja 26,1420.354292,124.2108333,11.43502748,0
202506,Töötaja 27,2202.038207,186.8602778,11.78441043,0
202506,Töötaja 30,1277.639582,129.0852778,9.897639789,1
202506,Töötaja 31,2678.460886,115.4047222,23.20928325,0
202506,Töötaja 33,3637.96787,199.1627778,18.26630413,0
202506,Töötaja 7,2485.460702,140.9227778,17.63704023,0
202507,Töötaja 19,4448.28073,243.5238889,18.26630131,0
202507,Töötaja 20,2918.104403,170.0363889,17.16164653,0
202507,Töötaja 21,3400.10273,121.7341667,27.93055412,0
202507,Töötaja 23,3711.697608,161.0547222,23.04618925,0
202507,Töötaja 24,2977.286439,169.2627778,17.58972928,0
202507,Töötaja 25,2314.505941,157.0455556,14.73779969,0
202507,Töötaja 26,2201.105288,127.8344444,17.21840539,0
202507,Töötaja 27,2698.438468,130.1361111,20.73550873,0
202507,Töötaja 30,1337.295366,158.7566667,8.42355407,1
202507,Töötaja 31,1043.958,88.93083333,11.73898816,0
202507,Töötaja 33,5071.550659,49.31805556,102.8335485,2
202507,Töötaja 7,3443.187546,79.6525,43.22761428,2
202508,Töötaja 19,4906.081476,45.35888889,108.1614121,2
202508,Töötaja 20,2813.755977,87.07333333,32.31478421,2
202508,Töötaja 21,2882.463989,174.5072222,16.51773464,0
202508,Töötaja 23,3876.948139,265.9313889,14.5787534,0
202508,Töötaja 24,3058.727334,173.8861111,17.59040624,0
202508,Töötaja 25,547.9367365,21.6625,25.29425212,0
202508,Töötaja 26,1966.855208,172,11.4352047,0
202508,Töötaja 27,2260.731918,147.4036111,15.33701855,0
202508,Töötaja 30,1139.618619,129.7113889,8.785802298,1
202508,Töötaja 31,1951.680701,144.5652778,13.50034207,0
202508,Töötaja 33,3687.121029,201.8525,18.2664125,0
202508,Töötaja 5,2469.086277,1,2469.086277,2
202508,Töötaja 7,3036.725636,168.9247222,17.97679816,0
202509,Töötaja 19,4116.926923,225.3777778,18.26678284,0
202509,Töötaja 20,2918.104403,191.3444444,15.25053111,0
202509,Töötaja 21,3215.625326,194.6791667,16.51756262,0
202509,Töötaja 23,4276.06975,322.6791667,13.25176891,0
202509,Töötaja 24,3415.627082,194.1841667,17.58962711,0
202509,Töötaja 25,1609.437983,128.7291667,12.50251225,0
202509,Töötaja 26,2152.783009,188.2630556,11.43497328,0
202509,Töötaja 27,2076.480456,170.0588889,12.21036118,0
202509,Töötaja 30,2456.098233,67.47583333,36.39967248,2
202509,Töötaja 31,1403.948041,100.8933333,13.91517154,0
202509,Töötaja 33,4325.718523,236.8061111,18.26692099,0
202509,Töötaja 5,2469.086277,10,246.9086277,2
202509,Töötaja 7,3944.488356,215.0308333,18.34382677,0
202510,Töötaja 19,4963.222752,271.7102778,18.26659923,0
202510,Töötaja 20,2918.104403,192.3975,15.16705988,0
202510,Töötaja 21,2895.991312,162.9383333,17.77354201,0
202510,Töötaja 23,4158.988441,312.9822222,13.28825775,0
202510,Töötaja 24,3328.107637,71.60333333,46.47978638,2
202510,Töötaja 25,2152.170781,172.1408333,12.50238389,0
202510,Töötaja 26,2901.479498,228.3616667,12.70563287,0
202510,Töötaja 27,3075.104432,241.0441667,12.75743145,0
202510,Töötaja 31,1992.189785,86.14638889,23.12563313,0
202510,Töötaja 33,5086.885512,278.4813889,18.26651875,0
202510,Töötaja 5,2469.086277,19.82361111,124.5528003,2
202510,Töötaja 7,4144.13464,225.1733333,18.40419813,0
202511,Töötaja 19,3765.099921,206.1244444,18.26614952,0
202511,Töötaja 20,2918.104403,169.1847222,17.24803732,0
202511,Töötaja 21,2790.294527,168.9316667,16.5172971,0
202511,Töötaja 23,3684.132773,257.8458333,14.28812219,0
202511,Töötaja 24,3207.549748,182.3477778,17.59028702,0
202511,Töötaja 25,1055.080141,84.38777778,12.5027601,0
202511,Töötaja 26,2433.154262,191.5036111,12.70552679,0
202511,Töötaja 27,2754.62496,215.9241667,12.7573722,0
202511,Töötaja 33,4133.187406,226.2675,18.26681872,0
202511,Töötaja 5,2469.086277,19.23833333,128.3420052,2
202511,Töötaja 7,3194.030754,176.9130556,18.05423994,0
202511,Töötaja 14,3713.354496,183.3552778,20.25223675,0
202512,Töötaja 19,3648.390322,194.7313889,18.73550198,0
202512,Töötaja 20,2918.104403,163.2044444,17.88005475,0
202512,Töötaja 21,2728.853078,165.2055556,16.51792562,0
202512,Töötaja 23,4200.437732,228.9219444,18.3487771,0
202512,Töötaja 24,4718.236818,175.0347222,26.95600483,0
202512,Töötaja 25,1186.986113,94.94083333,12.50237723,0
202512,Töötaja 26,2086.028296,164.1775,12.70593289,0
202512,Töötaja 27,2798.95318,210.4375,13.30063881,0
202512,Töötaja 33,3987.972764,218.3191667,18.26670936,0
202512,Töötaja 5,2469.086277,5,493.8172553,2
202512,Töötaja 7,3479.698088,155.7275,22.34478874,0
202512,Töötaja 14,3188.100557,172.0927778,18.52547561,0
202601,Töötaja 19,3753.241649,205.4708333,18.2665422,0
202601,Töötaja 20,2918.104403,152.3952778,19.14826001,0
202601,Töötaja 21,2636.02037,159.5894444,16.51751078,0
202601,Töötaja 23,4010.668929,279.6416667,14.34217217,0
202601,Töötaja 24,3106.298905,188.4447222,16.48387319,0
202601,Töötaja 26,2182.089779,171.7425,12.70558993,0
202601,Töötaja 27,2505.550218,188.3758333,13.30080496,0
202601,Töötaja 33,4043.853142,221.3822222,18.26638608,0
202601,Töötaja 35,1131.754405,99.5,11.37441613,0
202601,Töötaja 5,2469.086277,2.998611111,823.4099672,2
202601,Töötaja 7,3100.497383,172.1625,18.00913313,0
202601,Töötaja 14,3079.531481,166.7308333,18.4700779,0
202602,Töötaja 19,3630.132809,198.7263889,18.26698925,0
202602,Töötaja 20,3210.800387,144.2108333,22.26462682,0
202602,Töötaja 21,2692.848244,163.0291667,16.51758577,0
202602,Töötaja 23,3812.503858,276.3758333,13.79463541,0
202602,Töötaja 24,2790.032144,170.4580556,16.36785152,0
202602,Töötaja 26,1763.821467,138.8161111,12.70617259,0
202602,Töötaja 27,2527.094812,189.9997222,13.30051845,0
202602,Töötaja 33,4351.096829,238.1952778,18.26693153,0
202602,Töötaja 35,1315.211428,113.2455556,11.61380172,0
202602,Töötaja 5,2469.086277,0.391111111,6313.004684,2
202602,Töötaja 7,2762.46508,154.9880556,17.82372887,0
202602,Töötaja 14,2821.933009,154.0147222,18.32248871,0
202603,Töötaja 19,4173.915142,209.9138889,19.88393986,0
202603,Töötaja 20,3191.690128,144.2388889,22.12780584,0
202603,Töötaja 21,3148.88519,190.6419444,16.51727378,0
202603,Töötaja 23,4114.565472,309.3019444,13.30274687,0
202603,Töötaja 24,3363.456514,203.0633333,16.56358368,0
202603,Töötaja 26,2389.693365,188.0819444,12.70559687,0
202603,Töötaja 27,2815.177221,211.6558333,13.30073061,0
202603,Töötaja 33,5370.558422,294.0127778,18.26641163,0
202603,Töötaja 35,1713.582332,132.6836111,12.91480023,0
202603,Töötaja 5,2469.086277,0.004722222,522865.3292,2
202603,Töötaja 7,3959.070446,215.7708333,18.3484968,0
202603,Töötaja 14,3774.769653,201.0605556,18.77429237,0
202604,Töötaja 19,4240.604259,232.1488889,18.26674372,0
202604,Töötaja 20,2918.104403,203.4975,14.33975554,0
202604,Töötaja 21,2963.897596,179.4425,16.51725537,0
202604,Töötaja 23,3996.937531,291.6605556,13.70407295,0
202604,Töötaja 24,3166.450302,191.8583333,16.50410616,0
202604,Töötaja 26,2644.700888,208.1486111,12.7058301,0
202604,Töötaja 27,3486.973505,171.1775,20.37051309,0
202604,Töötaja 33,4623.093678,253.0880556,18.26673988,0
202604,Töötaja 35,2433.591567,197.0769444,12.34843362,0
202604,Töötaja 5,2469.086277,4.190277778,589.2416702,2
202604,Töötaja 7,3961.814268,215.9136111,18.34907141,0
202604,Töötaja 14,4129.995103,218.5983333,18.89307681,0
202605,Töötaja 19,4419.979763,241.9713889,18.2665388,0
202605,Töötaja 20,2834.498844,159.9444444,17.72177117,0
202605,Töötaja 21,2828.281815,171.2311111,16.51733611,0
202605,Töötaja 23,4112.583019,285.4527778,14.40722718,0
202605,Töötaja 24,2934.445058,178.6663889,16.42415832,0
202605,Töötaja 26,2332.26784,183.5602778,12.70573279,0
202605,Töötaja 27,2100.415653,157.9208333,13.30043421,0
202605,Töötaja 33,4232.922256,231.7322222,18.26643794,0
202605,Töötaja 35,1901.682084,157.2072222,12.09665852,0
202605,Töötaja 3,669.8578139,58.74777778,11.40226642,0
202605,Töötaja 5,2469.086277,8.399166667,293.9680059,2
202605,Töötaja 7,3436.958626,189.2455556,18.16137038,0
202605,Töötaja 14,3243.983814,174.8522222,18.55271711,0
202606,Töötaja 19,3506.805318,173.2036111,20.24672173,0
202606,Töötaja 20,2918.104403,175.3180556,16.64463134,0
202606,Töötaja 21,2737.446135,165.7258333,16.51792047,0
202606,Töötaja 23,4103.334004,292.58,14.02465652,0
202606,Töötaja 24,2871.990518,175.1236111,16.39979041,0
202606,Töötaja 26,1994.930234,157.0105556,12.70570776,0
202606,Töötaja 27,2506.483137,188.4525,13.30034431,0
202606,Töötaja 33,3960.743197,216.8263889,18.26688724,0
202606,Töötaja 35,2097.529436,171.885,12.20309763,0
202606,Töötaja 3,1259.126903,112.1241667,11.22975484,0
202606,Töötaja 5,2469.086277,5,493.8172553,2
202606,Töötaja 7,3354.079695,185.0436111,18.1258876,0
202606,Töötaja 14,3351.092469,180.1377778,18.6029411,0
202607,Töötaja 19,4185.605781,224.1397222,18.67409194,0
202607,Töötaja 20,2797.83805,155.2944444,18.01634347,0
202607,Töötaja 21,3170.291303,108.6136111,29.18871098,0
202607,Töötaja 23,5560.21061,348.1130556,15.9724277,0
202607,Töötaja 24,3521.425904,212.0427778,16.60714853,0
202607,Töötaja 26,2412.586318,86.95972222,27.74372153,0
202607,Töötaja 27,3023.55338,109.6527778,27.5738877,0
202607,Töötaja 33,5600.974788,57.43888889,97.51189301,2
202607,Töötaja 35,2349.526838,139.5611111,16.83511129,0
202607,Töötaja 5,2575.542167,1.003611111,2566.275063,2
202607,Töötaja 7,3452.923691,75.8475,45.52455507,2
202607,Töötaja 14,4171.218824,139.7613889,29.84528744,0