projekti_kood,projekti_nimetus,tulu_kokku,kulu_kokku,kasum,kasumimarginaal_pct
E720,E720 Projekt 1,8501.301793,2364.165669,6137.136124,72.19054532
E777,E777 Projekt 2,0,4342.433547,-4342.433547,-100
E813,E813 Projekt 3,0,10338.42539,-10338.42539,-100
E817,E817 Projekt 4,6149.671111,1648.749438,4500.921673,73.18963228
E818,E818 Projekt 5,0,5340.741793,-5340.741793,-100
E829,E829 Projekt 6,653.4441726,297.0200785,356.4240942,54.54545455
E837,E837 Projekt 7,0,1887.425689,-1887.425689,-100
E839,E839 Projekt 8,43167.94982,18603.92265,24564.02717,56.90339075
E840,E840 Projekt 9,14613.38786,3542.424656,11070.96321,75.75904582
E841,E841 Projekt 10,225.7352596,0,225.7352596,100
E842,E842 Projekt 11,11049.14692,5471.359342,5577.787577,50.4816129
E843,E843 Projekt 12,47109.11904,30563.99317,16545.12588,35.12085603
E845,E845 Projekt 13,132461.5751,52196.14391,80265.43124,60.59525651
E846,E846 Projekt 14,84396.80584,23286.63553,61110.17031,72.40815538
E848,E848 Projekt 15,408.6032273,106.9611217,301.6421056,73.82274183
E853,E853 Projekt 16,65778.57865,41513.86577,24264.71288,36.88847247
E854,E854 Projekt 17,14560.39948,6220.158841,8340.240638,57.28030093
E855,E855 Projekt 18,59566.8474,4583.574557,54983.27285,92.30515839
E857,E857 Projekt 19,420387.7185,246060.7113,174327.0072,41.4681494
E858,E858 Projekt 20,5289.333558,2728.41456,2560.918997,48.41666667
E859,E859 Projekt 21,632.058727,1149.931055,-517.872328,-81.93421053
E860,E860 Projekt 22,0,1356.299023,-1356.299023,-100
E862,E862 Projekt 23,1544.504408,443.1539571,1101.350451,71.30769231
E864,E864 Projekt 24,5506.752255,93.4781591,5413.274096,98.30248112
E866,E866 Projekt 25,36966.52723,23607.43623,13359.091,36.13834461
E867,E867 Projekt 26,19562.93045,9070.003485,10492.92696,53.6367851
E868,E868 Projekt 27,155744.591,127602.4633,28142.12779,18.06940941
E869,E869 Projekt 28,9568.798848,3695.203035,5873.595813,61.38279116
E870,E870 Projekt 29,49030.42312,21110.88029,27919.54283,56.94330388
E871,E871 Projekt 30,33057.05161,20947.21359,12109.83801,36.63314611
E872,E872 Projekt 31,37140.04528,20547.58583,16592.45946,44.67538833
E873,E873 Projekt 32,14180.92663,7627.906206,6553.020421,46.21010032
E874,E874 Projekt 33,408.699628,0,408.699628,100
E875,E875 Projekt 34,1780.932391,138.8271847,1642.105206,92.2048032
E876,E876 Projekt 35,34247.06849,14055.61653,20191.45196,58.95819072
E877,E877 Projekt 36,9267.026448,2184.214372,7082.812076,76.43025641
E878,E878 Projekt 37,0,802.6622352,-802.6622352,-100
E879,E879 Projekt 38,301225.7309,299161.8308,2063.900059,0.685167251
E880,E880 Projekt 39,7895.249299,3226.482789,4668.76651,59.13387068
E881,E881 Projekt 40,10015.29326,6343.305765,3671.987495,36.66380404
E882,E882 Projekt 41,89227.33526,62553.75258,26673.58268,29.89395862
E883,E883 Projekt 42,4855.937398,1210.886305,3645.051094,75.06379911
E884,E884 Projekt 43,2226.148339,901.3063591,1324.84198,59.51274481
E885,E885 Projekt 44,13860.08357,13344.77502,515.3085474,3.717932471
IK2,IK2 Projekt 45,166737.9727,67120.34963,99617.62311,59.74501277
IK3,IK3 Projekt 46,488894.8718,128952.5234,359942.3485,73.62367028
K100,K100 Projekt 47,61300.61396,22279.6781,39020.93586,63.65504902
K101,K101 Projekt 48,3574.458279,427.2825355,3147.175744,88.04622961
K102,K102 Projekt 49,3391.524278,305.7388319,3085.785446,90.98520881
K103,K103 Projekt 50,22837.62265,4785.755342,18051.86731,79.04442413
K105,K105 Projekt 51,327.9101666,0,327.9101666,100
K106,K106 Projekt 52,2520.916333,1321.417947,1199.498386,47.58184038
K107,K107 Projekt 53,3518.701823,755.9873845,2762.714439,78.51516205
K108,K108 Projekt 54,0,469.0541079,-469.0541079,-100
K109,K109 Projekt 55,1377.923644,516.1677034,861.7559401,62.54018096
K110,K110 Projekt 56,1021.15503,245.932625,775.2224048,75.91623037
K111,K111 Projekt 57,756735.7006,145110.4171,611625.2835,80.82416134
K112,K112 Projekt 58,6303.183297,1937.194145,4365.989152,69.26641581
K113,K113 Projekt 59,156786.2117,62183.11112,94603.10054,60.33891599
K114,K114 Projekt 60,6014.572827,1778.379205,4236.193622,70.43216109
K115,K115 Projekt 61,589696.355,181563.1669,408133.188,69.2107361
K116,K116 Projekt 62,7362.818027,227.5679736,7135.250053,96.90922724
K118,K118 Projekt 63,23195.76294,4968.007901,18227.75504,78.58226128
K119,K119 Projekt 64,5707.139421,1695.76715,4011.372271,70.28691565
K120,K120 Projekt 65,46061.5733,8485.590777,37575.98252,81.57772267
K121,K121 Projekt 66,190706.6108,77444.76244,113261.8483,59.39062514
K122,K122 Projekt 67,174240.1471,74103.39213,100136.7549,57.47054087
K123,K123 Projekt 68,250949.2511,75045.765,175903.4861,70.0952425
K124,K124 Projekt 69,267.3180706,0,267.3180706,100
K125,K125 Projekt 70,61187.37177,44504.33612,16683.03565,27.26548823
K126,K126 Projekt 71,4389.169385,1542.274637,2846.894748,64.86181092
K127,K127 Projekt 72,35603.42633,25491.5013,10111.92502,28.40155026
K128,K128 Projekt 73,1180.541871,528.7902143,651.7516568,55.20783911
K129,K129 Projekt 74,16616.895,7025.541122,9591.35388,57.72049398
K130,K130 Projekt 75,32985.26354,6794.393669,26190.86987,79.40172992
K131,K131 Projekt 76,2529.961422,710.8050592,1819.156363,71.90450996
K132,K132 Projekt 77,3562.94282,965.639662,2597.303158,72.89769411
K133,K133 Projekt 78,47762.70425,39067.65412,8695.050131,18.20468558
K134,K134 Projekt 79,3841.841941,1555.557567,2286.284374,59.51011024
K135,K135 Projekt 80,10113.10606,9024.238094,1088.867963,10.76689948
K136,K136 Projekt 81,2246.60672,5169.899042,-2923.292322,-130.1203409
K14,K14 Projekt 82,5704.465157,252.7472007,5451.717956,95.56930941
K15,K15 Projekt 83,1377.923644,0,1377.923644,100
K18,K18 Projekt 84,22562.25074,15067.56251,7494.688225,33.21782172
K20,K20 Projekt 85,11508.13903,5157.297572,6350.841457,55.18565114
K22,K22 Projekt 86,0,15.31435525,-15.31435525,-100
K25,K25 Projekt 87,2194.503148,685.890646,1508.612502,68.74505982
K26,K26 Projekt 88,10808.56877,3686.676613,7121.892159,65.89116755
K30,K30 Projekt 89,2855.507992,296.2204938,2559.287498,89.62634688
K39,K39 Projekt 90,1761.011236,695.1221931,1065.889043,60.52710063
K4,K4 Projekt 91,1205.683188,0,1205.683188,100
K43,K43 Projekt 92,7495.708478,261.6093491,7234.099129,96.50987829
K5,K5 Projekt 93,5855.543948,2802.294726,3053.249222,52.14287945
K54,K54 Projekt 94,3218.218158,548.079406,2670.138752,82.96947631
K62,K62 Projekt 95,779.5605546,0,779.5605546,100
K63,K63 Projekt 96,4382.753232,1335.539207,3047.214025,69.52739212
K64,K64 Projekt 97,0,11541.82883,-11541.82883,-100
K67,K67 Projekt 98,4812.391804,1381.502633,3430.889171,71.29280637
K69,K69 Projekt 99,64677.3452,23601.52521,41075.82,63.50882193
K71,K71 Projekt 100,1320.672446,67.05247243,1253.619974,94.92285369
K72,K72 Projekt 101,607.5451531,24.73583214,582.8093209,95.9285607
K75,K75 Projekt 102,1335.349284,149.6741404,1185.675144,88.79138648
K76,K76 Projekt 103,12487.5813,2395.37718,10092.20412,80.81792525
K79,K79 Projekt 104,684.9102098,322.8848861,362.0253236,52.85734078
K80,K80 Projekt 105,39556.19163,17310.94931,22245.24232,56.23706783
K81,K81 Projekt 106,4520.342721,1645.033303,2875.309419,63.60821725
K85,K85 Projekt 107,3311.179835,663.4065001,2647.773335,79.96464906
K86,K86 Projekt 108,38038.44405,16903.28696,21135.15709,55.56262254
K87,K87 Projekt 109,0,1758.358865,-1758.358865,-100
K89,K89 Projekt 110,2429.218771,0,2429.218771,100
K9,K9 Projekt 111,4412.506593,795.1119009,3617.394692,81.98049376
K91,K91 Projekt 112,118.8080314,0,118.8080314,100
K92,K92 Projekt 113,1009.868267,14.62526866,995.2429982,98.55176471
K94,K94 Projekt 114,2502.973321,237.6160628,2265.357258,90.5066482
K97,K97 Projekt 115,3212.446491,112.1182925,3100.328198,96.50987829
K99,K99 Projekt 116,0,780.0341301,-780.0341301,-100
P776,P776 Projekt 117,3207.816848,0,3207.816848,100
P780,P780 Projekt 118,0,332.6624879,-332.6624879,-100
P816,P816 Projekt 119,0,151.9004532,-151.9004532,-100
P839,P839 Projekt 120,27002.09533,2851.392753,24150.70258,89.4401056
P840,P840 Projekt 121,297.0200785,0,297.0200785,100
P853,P853 Projekt 122,1069.272283,0,1069.272283,100
P854,P854 Projekt 123,0,29.21489492,-29.21489492,-100
P867,P867 Projekt 124,3445.43291,555.3681427,2890.064768,83.88103448
P869,P869 Projekt 125,1544.504408,0,1544.504408,100
P871,P871 Projekt 126,594.040157,41.45212215,552.5880348,93.022
P873,P873 Projekt 127,8271.415145,97.38694333,8174.028202,98.82260845
P875,P875 Projekt 128,950.4642511,0,950.4642511,100
P877,P877 Projekt 129,2791.988738,407.5590709,2384.429667,85.40255319
P878,P878 Projekt 130,6094.85201,1395.86368,4698.98833,77.09766082
P879,P879 Projekt 131,5821.593538,421.6378226,5399.955716,92.75734694
P880,P880 Projekt 132,1069.272283,0,1069.272283,100
P882,P882 Projekt 133,1306.888345,31.99500285,1274.893342,97.55181818
P883,P883 Projekt 134,0,41.58281099,-41.58281099,-100
P885,P885 Projekt 135,926.7026448,16.80111954,909.9015253,98.18699994
P886,P886 Projekt 136,1081.153086,0,1081.153086,100
P888,P888 Projekt 137,2688.179127,10.18184829,2677.997278,99.62123624
R100,R100 Projekt 138,0,1716.645365,-1716.645365,-100
R101,R101 Projekt 139,213974.5606,101799.1523,112175.4083,52.42464711
R102,R102 Projekt 140,55067.05106,34806.93209,20260.11896,36.79172677
R103,R103 Projekt 141,38962.49985,37897.43265,1065.067205,2.733569995
R104,R104 Projekt 142,21512.99352,17033.18284,4479.810681,20.82374393
R105,R105 Projekt 143,44881.33864,27301.65998,17579.67866,39.16923869
R106,R106 Projekt 144,73542.70051,58874.37219,14668.32833,19.94532186
R65,R65 Projekt 145,0,2714.775398,-2714.775398,-100
R94,R94 Projekt 146,338.6028895,207.9140549,130.6888345,38.59649123
R99,R99 Projekt 147,75108.88136,59225.68878,15883.19258,21.14689007
RK1,RK1 Projekt 148,14257.2015,767.7083597,13489.49314,94.61529417
RK10,RK10 Projekt 149,160834.6064,62954.71962,97879.88675,60.85747897
RK3,RK3 Projekt 150,14381.42252,5956.551296,8424.871229,58.5816265
RK4,RK4 Projekt 151,26809.3276,8059.637567,18749.69003,69.9371887
RK6,RK6 Projekt 152,24314.41009,7138.694282,17175.71581,70.64006794
RK8,RK8 Projekt 153,3776.95425,416.6477737,3360.306477,88.9686836
RK9,RK9 Projekt 154,1784.692495,62.28794027,1722.404554,96.50987829
S110,S110 Projekt 155,0,41.65409581,-41.65409581,-100
S111,S111 Projekt 156,44986.38437,13456.12255,31530.26182,70.08845512
S112,S112 Projekt 157,20100.98543,5315.902954,14785.08247,73.55401817
S117,S117 Projekt 158,25582.17367,500811.9773,-475229.8036,-1857.659985
S200,S200 Projekt 159,173.4597258,0,173.4597258,100
E861,E861 Projekt 255,727.3144041,87.20311638,640.1112878,88.01025858
E886,E886 Projekt 256,57390.81882,26088.83848,31301.98034,54.5417908
E887,E887 Projekt 257,18383.63379,7083.810054,11299.82374,61.46675823
E888,E888 Projekt 258,44782.05685,21290.29999,23491.75686,52.45796757
E890,E890 Projekt 259,41545.11116,35550.8469,5994.264259,14.42832644
E892,E892 Projekt 260,0,19768.87151,-19768.87151,-100
E894,E894 Projekt 261,67382.14366,30523.61646,36858.5272,54.70073405
E895,E895 Projekt 262,28645.7922,10886.32741,17759.46479,61.99676611
E896,E896 Projekt 263,34828.92468,43718.63441,-8889.709728,-25.5239282
E897,E897 Projekt 264,211316.2961,209222.3432,2093.952893,0.99090933
E898,E898 Projekt 265,205224.837,170165.5327,35059.30432,17.08336322
E901,E901 Projekt 266,3157.998572,162.6096355,2995.388936,94.85086419
E903,E903 Projekt 267,83134.61398,44603.08222,38531.53176,46.34836191
E905,E905 Projekt 268,22943.91454,9327.190992,13616.72355,59.34786552
E906,E906 Projekt 269,47495.8309,24810.65563,22685.17527,47.76245586
E907,E907 Projekt 270,1845.529382,624.1868957,1221.342487,66.1784363
E908,E908 Projekt 271,22954.41404,14562.85815,8391.555889,36.55748248
E909,E909 Projekt 272,35689.79385,17336.71453,18353.07931,51.42388715
E910,E910 Projekt 273,31686.54793,23144.57912,8541.968807,26.9577135
E911,E911 Projekt 274,13952.49862,2141.016522,11811.4821,84.6549598
E912,E912 Projekt 275,144955.8094,122878.0857,22077.72373,15.2306581
E913,E913 Projekt 276,9518.843032,3781.488396,5737.354636,60.27365528
E914,E914 Projekt 277,0,2332.459127,-2332.459127,-100
E915,E915 Projekt 278,22385.03997,10579.83089,11805.20908,52.73704714
E916,E916 Projekt 279,24274.5571,10625.47549,13649.08161,56.2279326
E917,E917 Projekt 280,23642.2473,18514.74143,5127.50587,21.68789542
E918,E918 Projekt 281,0,2709.58769,-2709.58769,-100
E919,E919 Projekt 282,9305.606497,4635.4436,4670.162898,50.18655043
E920,E920 Projekt 283,41969.61415,35098.25774,6871.356419,16.37221728
E921,E921 Projekt 284,23126.51562,20171.6131,2954.902514,12.7771194
E922,E922 Projekt 285,89443.45164,63973.65126,25469.80039,28.4758693
E923,E923 Projekt 286,43442.10106,34000.17118,9441.929883,21.7345148
E924,E924 Projekt 287,311.4397014,5739.995645,-5428.555943,-1743.052
E925,E925 Projekt 288,0,27889.76161,-27889.76161,-100
E926,E926 Projekt 289,4207.400874,1878.305296,2329.095578,55.35711113
K117,K117 Projekt 290,824.2516086,289.8845721,534.3670365,64.83057247
K137,K137 Projekt 291,5674.630581,1365.821073,4308.809507,75.93110152
K138,K138 Projekt 292,27494.64092,7638.431826,19856.20909,72.21847032
K139,K139 Projekt 293,3450.560881,1379.104868,2071.456013,60.03244354
K140,K140 Projekt 294,25874.52825,16458.64215,9415.8861,36.39056144
K141,K141 Projekt 295,6635.044024,2927.767201,3707.276823,55.87418576
K142,K142 Projekt 296,57449.43066,23327.02864,34122.40202,59.39554426
K143,K143 Projekt 297,560.5914624,128.9360364,431.6554261,77
K144,K144 Projekt 298,4012.77654,1400.895036,2611.881504,65.08913411
K145,K145 Projekt 299,7237.173172,249.8680191,6987.305153,96.54743623
K146,K146 Projekt 300,2521.477364,408.801304,2112.67606,83.78723086
K147,K147 Projekt 301,19458.27264,7307.902252,12150.37039,62.44321175
K148,K148 Projekt 302,13684.45665,4011.228241,9673.228407,70.68770545
K149,K149 Projekt 303,12056.45646,4054.458075,8001.998382,66.37106359
K150,K150 Projekt 304,19259.75653,3438.853114,15820.90341,82.14487754
K151,K151 Projekt 305,2887.567926,875.8165442,2011.751382,69.66940461
K152,K152 Projekt 306,6856.006527,1736.537944,5119.468582,74.67129097
K153,K153 Projekt 307,1710.442757,398.6428177,1311.799939,76.69358906
K154,K154 Projekt 308,1301.817952,93.98004428,1207.837907,92.78086124
K155,K155 Projekt 309,75345.68509,18319.73035,57025.95474,75.68576047
K156,K156 Projekt 310,2012.52335,954.5626846,1057.960665,52.56886413
K157,K157 Projekt 311,1766.162089,42.19385074,1723.968238,97.6109865
K158,K158 Projekt 312,1370.334686,956.7427626,413.5919234,30.18181818
K159,K159 Projekt 313,11892.63644,2004.924221,9887.712214,83.14146546
K160,K160 Projekt 314,11647.98186,2891.468475,8756.513389,75.17622787
K161,K161 Projekt 315,2616.093491,558.0999448,2057.993547,78.66666667
K162,K162 Projekt 316,523.2186983,0,523.2186983,100
K163,K163 Projekt 317,67564.07762,39795.69029,27768.38733,41.09933608
K164,K164 Projekt 318,1722.323836,610.4218146,1111.902022,64.55824382
K165,K165 Projekt 319,154.8104467,160.4163614,-5.605914624,-3.621147501
K166,K166 Projekt 320,63800.91434,24921.3177,38879.59664,60.93893331
K167,K167 Projekt 321,32533.61408,13352.88999,19180.72409,58.95663495
K168,K168 Projekt 322,429.1639085,0,429.1639085,100
P891,P891 Projekt 323,4872.324667,3238.972894,1633.351773,33.52304874
P892,P892 Projekt 324,7095.960975,3569.565858,3526.395117,49.69580765
P894,P894 Projekt 325,7412.264892,521.1092727,6891.155619,92.96963505
P895,P895 Projekt 326,3905.453855,37.45809602,3867.995759,99.04087726
P904,P904 Projekt 327,0,186.8638208,-186.8638208,-100
P905,P905 Projekt 328,1176.078368,872.0311638,304.0472041,25.85263129
P906,P906 Projekt 329,2366.94173,538.7504482,1828.191282,77.23854198
P908,P908 Projekt 330,872.0311638,0,872.0311638,100
P909,P909 Projekt 331,0,1013.447512,-1013.447512,-100
P911,P911 Projekt 332,2242.36585,0,2242.36585,100
P912,P912 Projekt 333,2553.805551,1420.25037,1133.555181,44.38690254
P914,P914 Projekt 334,9235.472866,37.45809602,9198.01477,99.59441063
P915,P915 Projekt 335,0,311.4397014,-311.4397014,-100
P917,P917 Projekt 336,0,747.4552832,-747.4552832,-100
P918,P918 Projekt 337,5356.762863,24.91517611,5331.847687,99.53488372
P919,P919 Projekt 338,2616.093491,0,2616.093491,100
P923,P923 Projekt 339,1469.99539,31.14397014,1438.85142,97.88135593
P924,P924 Projekt 340,1619.486447,0,1619.486447,100
P925,P925 Projekt 341,3587.78536,0,3587.78536,100
P926,P926 Projekt 342,336.3548775,0,336.3548775,100
P928,P928 Projekt 343,0,150.9236793,-150.9236793,-100
P929,P929 Projekt 344,4708.968284,0,4708.968284,100
P930,P930 Projekt 345,1992.092906,0,1992.092906,100
P931,P931 Projekt 346,1992.092906,0,1992.092906,100
P932,P932 Projekt 347,0,181.0336696,-181.0336696,-100
P933,P933 Projekt 348,535.6762863,75.95391437,459.722372,85.82093023
P940,P940 Projekt 349,2989.821133,0,2989.821133,100
P941,P941 Projekt 350,1121.182925,0,1121.182925,100
P942,P942 Projekt 351,0,132.2372972,-132.2372972,-100
P943,P943 Projekt 352,0,1505.960447,-1505.960447,-100
P945,P945 Projekt 353,0,26.12356215,-26.12356215,-100
P947,P947 Projekt 354,0,26.12356215,-26.12356215,-100
P948,P948 Projekt 355,0,75.95391437,-75.95391437,-100
R108,R108 Projekt 356,71363.35001,28951.09152,42412.25849,59.43142872
R109,R109 Projekt 357,23192.41224,8844.561594,14347.85065,61.86441711
R110,R110 Projekt 358,45561.70105,35986.68456,9575.01649,21.01549387
R111,R111 Projekt 359,35663.03225,16967.87065,18695.16159,52.42168267
R112,R112 Projekt 360,34010.66047,18112.83558,15897.82489,46.74365235
R113,R113 Projekt 361,236210.8435,127555.4117,108655.4318,45.99934118
R114,R114 Projekt 362,35761.22566,8660.976146,27100.24951,75.78109814
R115,R115 Projekt 363,369616.8618,232647.8986,136968.9632,37.05701156
R116,R116 Projekt 364,542.1666897,15910.89375,-15368.72706,-2834.686703
R117,R117 Projekt 365,0,7287.689012,-7287.689012,-100
R118,R118 Projekt 366,0,7518.204221,-7518.204221,-100
R119,R119 Projekt 367,76299.99862,39833.17518,36466.82344,47.79400276
R120,R120 Projekt 368,41588.41196,15433.21999,26155.19197,62.89057632
R121,R121 Projekt 369,0,7717.911815,-7717.911815,-100
R88,R88 Projekt 370,6041.930206,0,6041.930206,100
R97,R97 Projekt 371,0,18.99782178,-18.99782178,-100
RK12,RK12 Projekt 372,4704.313472,33.90955468,4670.403917,99.27918165
RK13,RK13 Projekt 373,34814.34047,1766.863512,33047.47696,94.92489736
S116,S116 Projekt 374,2457.835778,19804.96346,-17347.12768,-705.7887201
S119,S119 Projekt 375,138089.0032,107967.5527,30121.45044,21.81306965
S120,S120 Projekt 376,9353.183249,2431.847469,6921.33578,73.99978805
S121,S121 Projekt 377,2090.383275,9440.048788,-7349.665512,-351.5941597
S122,S122 Projekt 378,10070.71418,16391.47012,-6320.755942,-62.76373083
S123,S123 Projekt 379,2939.990781,1314.300455,1625.690326,55.29576271
S124,S124 Projekt 380,92554.89621,91323.46363,1231.432579,1.330488855
S125,S125 Projekt 381,29270.34889,103.3232353,29167.02566,99.64700375
S126,S126 Projekt 382,19294.9228,18663.31063,631.6121719,3.273463068
S127,S127 Projekt 383,266119.893,194875.657,71244.236,26.77148078
S128,S128 Projekt 384,3601.488706,885.4853589,2716.003348,75.41335178
S129,S129 Projekt 385,105.8894985,5922.362276,-5816.472778,-5492.964706
S130,S130 Projekt 386,58883.09459,29026.16771,29856.92688,50.70543097
S23,S23 Projekt 387,2457.882123,425.85019,2032.031933,82.67410035
E889,E889 Projekt 414,13027.58809,13027.58809,0,0
E891,E891 Projekt 415,11340.75569,1352.481723,9988.273968,88.07414815
E893,E893 Projekt 416,8459.363689,4032.957536,4426.406153,52.32552135
E899,E899 Projekt 417,8989.144991,3902.706857,5086.438134,56.58422619
E900,E900 Projekt 418,5515.807546,2698.310202,2817.497344,51.08041426
E902,E902 Projekt 419,1183.638872,213.5002266,970.1386451,81.96238467
E904,E904 Projekt 420,2427.761774,1495.299639,932.4621346,38.4083045
P843,P843 Projekt 421,0,20.65697648,-20.65697648,-100
P864,P864 Projekt 422,3528.235104,67.20447817,3461.030626,98.0952381
P889,P889 Projekt 423,1491.099359,20.65697648,1470.442383,98.61464789
P890,P890 Projekt 424,3444.229506,1200.935624,2243.293882,65.13195122
P897,P897 Projekt 425,3360.223908,122.3037497,3237.920159,96.36025
P898,P898 Projekt 426,2184.14554,583.4944811,1600.651059,73.285
P900,P900 Projekt 427,1176.078368,0,1176.078368,100
P901,P901 Projekt 428,672.0447817,0,672.0447817,100
P902,P902 Projekt 429,2688.179127,0,2688.179127,100
P903,P903 Projekt 430,0,17.21274697,-17.21274697,-100
P910,P910 Projekt 431,0,163.4664926,-163.4664926,-100
R107,R107 Projekt 432,0,85.71091134,-85.71091134,-100
S113,S113 Projekt 433,62623.2581,27447.12374,35176.13436,56.17103841
S114,S114 Projekt 434,4248.331087,2536.666631,1711.664457,40.29027921
S115,S115 Projekt 435,6661.643898,4404.329482,2257.314416,33.8852459
S118,S118 Projekt 436,2363.91752,489.2738027,1874.643717,79.30241649
E840 Projekt 500,E840 Projekt 500,0,2131.371241,-2131.371241,-100
E857 Projekt 514,E857 Projekt 514,0,154754.1508,-154754.1508,-100
K86 Projekt 477,K86 Projekt 477,0,2769.9432,-2769.9432,-100
E796 Projekt 482,E796 Projekt 482,0,82.31514678,-82.31514678,-100
K99 Projekt 486,K99 Projekt 486,0,16737.84653,-16737.84653,-100
K100 Projekt 489,K100 Projekt 489,0,35257.93003,-35257.93003,-100
E843 Projekt 501,E843 Projekt 501,0,7126.650518,-7126.650518,-100
E842 Projekt 502,E842 Projekt 502,0,7560.988945,-7560.988945,-100
E848 Projekt 503,E848 Projekt 503,0,2104.788382,-2104.788382,-100
E846 Projekt 505,E846 Projekt 505,0,21446.23238,-21446.23238,-100
E855 Projekt 509,E855 Projekt 509,0,4573.070542,-4573.070542,-100
E858 Projekt 513,E858 Projekt 513,0,537.8797102,-537.8797102,-100
S110 Projekt 517,S110 Projekt 517,0,1437.138139,-1437.138139,-100
K111 Projekt 510,K111 Projekt 510,0,449173.9294,-449173.9294,-100
K5 Projekt 447,K5 Projekt 447,0,3388.690787,-3388.690787,-100
K18 Projekt 450,K18 Projekt 450,0,2843.417099,-2843.417099,-100
K25 Projekt 452,K25 Projekt 452,0,1109.49794,-1109.49794,-100
K30 Projekt 454,K30 Projekt 454,0,2057.179677,-2057.179677,-100
K69 Projekt 460,K69 Projekt 460,0,29376.02562,-29376.02562,-100
K75 Projekt 467,K75 Projekt 467,0,832.0390219,-832.0390219,-100
K80 Projekt 472,K80 Projekt 472,0,36600.88743,-36600.88743,-100
IK2 Projekt 478,IK2 Projekt 478,0,9185.274549,-9185.274549,-100
K92 Projekt 481,K92 Projekt 481,0,724.6637655,-724.6637655,-100
K103 Projekt 495,K103 Projekt 495,0,17695.71117,-17695.71117,-100
K108 Projekt 511,K108 Projekt 511,0,83.41319019,-83.41319019,-100
K116 Projekt 520,K116 Projekt 520,0,9801.121274,-9801.121274,-100
K14 Projekt 449,K14 Projekt 449,0,2374.594459,-2374.594459,-100
E845 Projekt 504,E845 Projekt 504,0,41520.09817,-41520.09817,-100
K9 Projekt 448,K9 Projekt 448,0,2055.020711,-2055.020711,-100
K79 Projekt 470,K79 Projekt 470,0,265.7168588,-265.7168588,-100
E865 Projekt 519,E865 Projekt 519,0,72.21465934,-72.21465934,-100
K115 Projekt 522,K115 Projekt 522,0,186446.7433,-186446.7433,-100
K85 Projekt 479,K85 Projekt 479,0,5402.632928,-5402.632928,-100
K113 Projekt 521,K113 Projekt 521,0,94853.41307,-94853.41307,-100
E869 Projekt 523,E869 Projekt 523,0,2627.866481,-2627.866481,-100
E870 Projekt 524,E870 Projekt 524,0,4376.133417,-4376.133417,-100
E866 Projekt 525,E866 Projekt 525,0,11189.85812,-11189.85812,-100
E817 Projekt 484,E817 Projekt 484,0,7602.811828,-7602.811828,-100
K107 Projekt 498,K107 Projekt 498,0,798.5375213,-798.5375213,-100
K71 Projekt 461,K71 Projekt 461,0,87.41868993,-87.41868993,-100
K89 Projekt 480,K89 Projekt 480,0,193.471115,-193.471115,-100
K120 Projekt 528,K120 Projekt 528,0,32092.40879,-32092.40879,-100
E720 Projekt 466,E720 Projekt 466,0,3471.891744,-3471.891744,-100
E829 Projekt 491,E829 Projekt 491,0,313.6609846,-313.6609846,-100
E867 Projekt 526,E867 Projekt 526,0,4935.613745,-4935.613745,-100
E873 Projekt 530,E873 Projekt 530,0,3788.074795,-3788.074795,-100
E874 Projekt 529,E874 Projekt 529,0,280.7502939,-280.7502939,-100
K106 Projekt 497,K106 Projekt 497,0,24.34197891,-24.34197891,-100
E853 Projekt 506,E853 Projekt 506,0,30163.44481,-30163.44481,-100
E854 Projekt 507,E854 Projekt 507,0,3261.300361,-3261.300361,-100
E859 Projekt 512,E859 Projekt 512,0,1034.284601,-1034.284601,-100
K123 Projekt 531,K123 Projekt 531,0,41168.38185,-41168.38185,-100
S111 Projekt 532,S111 Projekt 532,0,26724.60196,-26724.60196,-100
E864 Projekt 518,E864 Projekt 518,0,1182.889731,-1182.889731,-100
K72 Projekt 462,K72 Projekt 462,0,100.6608063,-100.6608063,-100
E868 Projekt 527,E868 Projekt 527,0,22884.51105,-22884.51105,-100
E872 Projekt 534,E872 Projekt 534,0,25225.8392,-25225.8392,-100
R94 Projekt 516,R94 Projekt 516,0,15698.66613,-15698.66613,-100
E839 Projekt 499,E839 Projekt 499,0,3536.358222,-3536.358222,-100
E875 Projekt 533,E875 Projekt 533,0,1721.947678,-1721.947678,-100
E860 Projekt 536,E860 Projekt 536,0,3506.792227,-3506.792227,-100
E876 Projekt 535,E876 Projekt 535,0,13479.84271,-13479.84271,-100
K130 Projekt 537,K130 Projekt 537,0,19376.21009,-19376.21009,-100
E835 Projekt 492,E835 Projekt 492,0,354.7323569,-354.7323569,-100
S23 Projekt 469,S23 Projekt 469,0,2277.51275,-2277.51275,-100
E871 Projekt 539,E871 Projekt 539,0,13821.97663,-13821.97663,-100
K102 Projekt 494,K102 Projekt 494,0,1017.591289,-1017.591289,-100
E877 Projekt 538,E877 Projekt 538,0,2579.467611,-2579.467611,-100
E879 Projekt 551,E879 Projekt 551,0,57503.28028,-57503.28028,-100
E883 Projekt 556,E883 Projekt 556,0,2136.74793,-2136.74793,-100
E880 Projekt 553,E880 Projekt 553,0,4140.119998,-4140.119998,-100
K122 Projekt 540,K122 Projekt 540,0,33626.94499,-33626.94499,-100
S112 Projekt 552,S112 Projekt 552,0,4398.819911,-4398.819911,-100
E882 Projekt 555,E882 Projekt 555,0,27377.05474,-27377.05474,-100
E884 Projekt 557,E884 Projekt 557,0,2847.410407,-2847.410407,-100
E881 Projekt 554,E881 Projekt 554,0,2889.972728,-2889.972728,-100
E885 Projekt 558,E885 Projekt 558,0,2609.545067,-2609.545067,-100
S113 Projekt 559,S113 Projekt 559,0,11054.66565,-11054.66565,-100
E886 Projekt 560,E886 Projekt 560,0,37964.77727,-37964.77727,-100
K63 Projekt 458,K63 Projekt 458,0,761.3245327,-761.3245327,-100
K131 Projekt 545,K131 Projekt 545,0,3663.519207,-3663.519207,-100
E887 Projekt 561,E887 Projekt 561,0,14174.69831,-14174.69831,-100
K129 Projekt 544,K129 Projekt 544,0,8014.607581,-8014.607581,-100
K26 Projekt 453,K26 Projekt 453,0,4528.267331,-4528.267331,-100
E888 Projekt 568,E888 Projekt 568,0,19068.78905,-19068.78905,-100
K114 Projekt 604,K114 Projekt 604,0,1101.63295,-1101.63295,-100
K127 Projekt 542,K127 Projekt 542,0,7935.661573,-7935.661573,-100
K134 Projekt 548,K134 Projekt 548,0,1158.304543,-1158.304543,-100
E891 Projekt 570,E891 Projekt 570,0,8784.120287,-8784.120287,-100
K126 Projekt 541,K126 Projekt 541,0,1245.907941,-1245.907941,-100
K128 Projekt 543,K128 Projekt 543,0,310.3755048,-310.3755048,-100
K118 Projekt 562,K118 Projekt 562,0,1463.437013,-1463.437013,-100
K141 Projekt 567,K141 Projekt 567,0,1655.043858,-1655.043858,-100
K142 Projekt 569,K142 Projekt 569,0,24053.21422,-24053.21422,-100
K144 Projekt 571,K144 Projekt 571,0,1226.737093,-1226.737093,-100
E861 Projekt 515,E861 Projekt 515,0,308.5953684,-308.5953684,-100
K138 Projekt 564,K138 Projekt 564,0,6852.643205,-6852.643205,-100
E890 Projekt 574,E890 Projekt 574,0,30823.56118,-30823.56118,-100
S114 Projekt 573,S114 Projekt 573,0,786.7730939,-786.7730939,-100
K20 Projekt 451,K20 Projekt 451,0,1780.49337,-1780.49337,-100
IK3 Projekt 488,IK3 Projekt 488,0,16746.4887,-16746.4887,-100
E895 Projekt 576,E895 Projekt 576,0,13216.87695,-13216.87695,-100
S115 Projekt 577,S115 Projekt 577,0,1633.09559,-1633.09559,-100
E892 Projekt 580,E892 Projekt 580,0,152.0975231,-152.0975231,-100
E893 Projekt 572,E893 Projekt 572,0,5452.817966,-5452.817966,-100
E894 Projekt 575,E894 Projekt 575,0,27877.60924,-27877.60924,-100
E899 Projekt 583,E899 Projekt 583,0,7362.746025,-7362.746025,-100
S116 Projekt 584,S116 Projekt 584,0,20295.87991,-20295.87991,-100
S118 Projekt 588,S118 Projekt 588,0,1386.255751,-1386.255751,-100
K136 Projekt 550,K136 Projekt 550,0,886.04216,-886.04216,-100
K121 Projekt 589,K121 Projekt 589,0,25207.16922,-25207.16922,-100
K81 Projekt 471,K81 Projekt 471,0,985.6111041,-985.6111041,-100
E902 Projekt 587,E902 Projekt 587,0,198.1913925,-198.1913925,-100
E900 Projekt 585,E900 Projekt 585,0,3777.288359,-3777.288359,-100
E901 Projekt 586,E901 Projekt 586,0,1482.008742,-1482.008742,-100
S120 Projekt 593,S120 Projekt 593,0,6180.378104,-6180.378104,-100
E903 Projekt 594,E903 Projekt 594,0,23595.78181,-23595.78181,-100
K76 Projekt 468,K76 Projekt 468,0,1254.147875,-1254.147875,-100
K133 Projekt 547,K133 Projekt 547,0,2651.902577,-2651.902577,-100
K135 Projekt 549,K135 Projekt 549,0,296.4263642,-296.4263642,-100
K139 Projekt 565,K139 Projekt 565,0,336.434173,-336.434173,-100
K147 Projekt 590,K147 Projekt 590,0,6072.707153,-6072.707153,-100
K149 Projekt 591,K149 Projekt 591,0,3720.113526,-3720.113526,-100
K151 Projekt 592,K151 Projekt 592,0,1381.936824,-1381.936824,-100
E737 Projekt 473,E737 Projekt 473,0,20.54638864,-20.54638864,-100
K39 Projekt 455,K39 Projekt 455,0,660.5752934,-660.5752934,-100
K54 Projekt 457,K54 Projekt 457,0,151.1668913,-151.1668913,-100
K67 Projekt 459,K67 Projekt 459,0,844.7399953,-844.7399953,-100
S117 Projekt 597,S117 Projekt 597,0,1009.588123,-1009.588123,-100
E906 Projekt 602,E906 Projekt 602,0,32559.56986,-32559.56986,-100
K132 Projekt 546,K132 Projekt 546,0,553.8817638,-553.8817638,-100
K140 Projekt 566,K140 Projekt 566,0,4576.374624,-4576.374624,-100
S121 Projekt 600,S121 Projekt 600,0,2949.954523,-2949.954523,-100
E905 Projekt 599,E905 Projekt 599,0,18742.77537,-18742.77537,-100
K150 Projekt 581,K150 Projekt 581,0,2848.808383,-2848.808383,-100
K148 Projekt 596,K148 Projekt 596,0,10554.37743,-10554.37743,-100
E907 Projekt 603,E907 Projekt 603,0,926.7380095,-926.7380095,-100
S119 Projekt 598,S119 Projekt 598,0,19643.60255,-19643.60255,-100
E911 Projekt 607,E911 Projekt 607,0,3691.190744,-3691.190744,-100
E912 Projekt 608,E912 Projekt 608,0,39326.5621,-39326.5621,-100
K137 Projekt 563,K137 Projekt 563,0,2136.895749,-2136.895749,-100
E898 Projekt 582,E898 Projekt 582,0,16243.61872,-16243.61872,-100
K101 Projekt 490,K101 Projekt 490,0,1065.527263,-1065.527263,-100
E910 Projekt 606,E910 Projekt 606,0,11162.74773,-11162.74773,-100
E908 Projekt 605,E908 Projekt 605,0,12893.06754,-12893.06754,-100
E914 Projekt 609,E914 Projekt 609,0,3011.175592,-3011.175592,-100
K94 Projekt 483,K94 Projekt 483,0,133.5476048,-133.5476048,-100
S122 Projekt 601,S122 Projekt 601,0,2944.10093,-2944.10093,-100
E918 Projekt 614,E918 Projekt 614,0,9844.786109,-9844.786109,-100
E913 Projekt 610,E913 Projekt 610,0,4653.628362,-4653.628362,-100
K155 Projekt 611,K155 Projekt 611,0,25493.80998,-25493.80998,-100
K156 Projekt 613,K156 Projekt 613,0,193.7951817,-193.7951817,-100
S123 Projekt 615,S123 Projekt 615,0,259.8769274,-259.8769274,-100
K153 Projekt 616,K153 Projekt 616,0,268.1781935,-268.1781935,-100
E909 Projekt 618,E909 Projekt 618,0,20218.79143,-20218.79143,-100
E837 Projekt 493,E837 Projekt 493,0,214.3767918,-214.3767918,-100
E919 Projekt 621,E919 Projekt 621,0,3720.562813,-3720.562813,-100
K152 Projekt 617,K152 Projekt 617,0,398.6031271,-398.6031271,-100
K158 Projekt 622,K158 Projekt 622,0,214.4986494,-214.4986494,-100
E916 Projekt 612,E916 Projekt 612,0,10430.71464,-10430.71464,-100
E917 Projekt 620,E917 Projekt 620,0,14018.82625,-14018.82625,-100
E896 Projekt 578,E896 Projekt 578,0,21744.70077,-21744.70077,-100
E921 Projekt 629,E921 Projekt 629,0,8863.616855,-8863.616855,-100
K159 Projekt 624,K159 Projekt 624,0,1297.161624,-1297.161624,-100
K109 Projekt 508,K109 Projekt 508,0,179.1910697,-179.1910697,-100
K163 Projekt 625,K163 Projekt 625,0,9222.425649,-9222.425649,-100
S124 Projekt 623,S124 Projekt 623,0,20184.01449,-20184.01449,-100
S126 Projekt 628,S126 Projekt 628,0,10982.89345,-10982.89345,-100
S125 Projekt 627,S125 Projekt 627,0,1851.960783,-1851.960783,-100
S127 Projekt 632,S127 Projekt 632,0,68261.87115,-68261.87115,-100
E897 Projekt 579,E897 Projekt 579,0,1987.9015,-1987.9015,-100
K164 Projekt 626,K164 Projekt 626,0,366.3093609,-366.3093609,-100
K54 Projekt 456,K54 Projekt 456,0,105.9475967,-105.9475967,-100
E920 Projekt 633,E920 Projekt 633,0,2927.564995,-2927.564995,-100
E922 Projekt 630,E922 Projekt 630,0,24019.04755,-24019.04755,-100
E923 Projekt 631,E923 Projekt 631,0,17573.30507,-17573.30507,-100
E915 Projekt 619,E915 Projekt 619,0,11404.58172,-11404.58172,-100
E926 Projekt 635,E926 Projekt 635,0,421.8951162,-421.8951162,-100
K105 Projekt 496,K105 Projekt 496,0,311.9740554,-311.9740554,-100
E924 Projekt 638,E924 Projekt 638,0,11287.3726,-11287.3726,-100
K166 Projekt 636,K166 Projekt 636,0,15543.92037,-15543.92037,-100
K167 Projekt 637,K167 Projekt 637,0,6409.894264,-6409.894264,-100
E758 Projekt 475,E758 Projekt 475,0,112.2945707,-112.2945707,-100
S128 Projekt 634,S128 Projekt 634,0,1138.902087,-1138.902087,-100
S130 Projekt 640,S130 Projekt 640,0,3908.011031,-3908.011031,-100
E925 Projekt 641,E925 Projekt 641,0,17631.80692,-17631.80692,-100
E755 Projekt 476,E755 Projekt 476,0,152.8663924,-152.8663924,-100
K143 Projekt 642,K143 Projekt 642,0,114.5934158,-114.5934158,-100
S129 Projekt 639,S129 Projekt 639,0,908.8648051,-908.8648051,-100