kuu,kokku_palgakulu
202401,69510.6681
202402,75957.61037
202403,71154.44059
202404,78334.60546
202405,82586.49347
202406,75282.26394
202407,81507.17296
202408,81509.19296
202409,77094.73051
202410,81330.95338
202411,84626.69397
202412,71242.22552
202501,83992.73999
202502,77317.02364
202503,84675.07542
202504,82610.87337
202505,81155.76389
202506,78631.99742
202507,84065.90787
202508,79578.64702
202509,81028.27082
202510,88473.70674
202511,80611.01681
202512,77995.13175
202601,79148.73416
202602,76699.71116
202603,85541.10433
202604,84638.91813
202605,78857.26916
202606,79185.83292
202607,94831.19046