kuu,palgafond,otsene,erandite_objektikulu,yldkulu,jaotatud,jaotamata,keskmine_tunnihind,objektitunnid,vahe,kontroll
202401,55067.58803,32790.06132,0,22277.52671,55067.58803,0,15.77810949,2192.552778,-7.27596E-12,92748.03545
202402,60265.10737,37991.71341,0,22273.39396,60265.10737,0,16.71502091,2269.789722,-7.27596E-12,102147.6267
202403,56188.02577,36528.61875,0,19659.40701,56188.02577,0,16.24643864,2248.268611,0,98789.92386
202404,61493.8892,40401.13719,0,21092.75201,61493.8892,0,16.84260983,2406.868611,0,106011.5951
202405,65435.78238,41029.45026,0,24406.33212,65435.78238,0,16.47882785,2487.321389,-1.45519E-11,111142.1479
202406,60241.34827,35171.16484,0,25070.18343,60241.34827,0,18.45037282,1870.011389,-2.18279E-11,108711.2436
202407,65014.99829,41017.03064,0,23997.96765,65014.99829,0,25.69456606,1596.6375,7.27596E-12,111370.7461
202408,64921.39939,34917.60163,0,30003.79776,64921.39939,0,18.78226584,1924.953889,2.18279E-11,112143.886
202409,62092.4913,31617.48153,0,30475.00977,62092.4913,0,18.00144268,1803.496667,-2.18279E-11,108607.9208
202410,65288.98245,36739.48887,0,28549.49358,65288.98245,0,18.23817432,2227.855833,-2.91038E-11,111494.2407
202411,67126.78273,40510.68742,0,26616.09531,67126.78273,0,18.10479927,2288.168611,0,116752.8785
202412,56491.74153,32616.46146,0,23875.28007,56491.74153,0,18.62790799,1755.200556,0,204014.608
202501,67054.73554,35117.09305,0,31937.64248,67054.73554,0,19.58406867,1830.575833,-1.45519E-11,115210.2293
202502,62024.42867,27733.4071,0,34291.02157,62024.42867,0,17.7814737,1709.706389,-7.27596E-12,112115.1567
202503,67897.77278,38423.82436,0,29473.94842,67897.77278,0,18.30965197,2224.888611,0,119244.071
202504,65190.11894,39178.96802,0,26011.15092,65190.11894,0,17.53156012,2501.423611,-3.63798E-11,117247.0351
202505,64073.44107,39222.64789,0,24850.79318,64073.44107,0,18.83837208,2226.449722,0,114674.5616
202506,61819.15427,34055.04984,0,27764.10442,61819.15427,0,20.40701642,1762.859722,7.27596E-12,111898.0938
202507,66287.2083,40545.82951,0,25741.37879,66287.2083,0,24.99536761,1933.314722,1.45519E-11,116974.9769
202508,62734.20318,39078.05562,0,23656.14755,62734.20318,0,22.74302202,1936.336111,1.45519E-11,113517.2655
202509,63218.0331,43029.32273,0,20188.71036,63218.0331,0,19.42644148,2427.425833,-7.27596E-12,113255.1102
202510,69842.92808,44978.33462,0,24864.59346,69842.92808,0,20.14961594,2498.321111,1.45519E-11,123357.7493
202511,64789.16432,37793.38736,0,26995.77697,64789.16432,0,19.07403212,2215.398056,-5.09317E-11,116558.9554
202512,62163.51908,40720.8847,0,21442.63438,62163.51908,0,21.23678979,2054.557222,-7.27596E-12,128636.1533
202601,63588.13713,37518.76687,0,26069.37026,63588.13713,0,19.21027083,2189.655833,0,111268.6204
202602,61623.4317,33505.13677,0,28118.29493,61623.4317,0,19.49637872,1963.4875,0,108095.9468
202603,68570.06324,41938.29124,0,26631.772,68570.06324,0,19.40377002,2491.843889,0,118117.75
202604,67878.31527,43905.98595,0,23972.32932,67878.31527,0,19.07914335,2554.579444,0,120056.7731
202605,63245.0418,40613.19863,0,22631.84317,63245.0418,0,18.74502676,2526.371389,-1.45519E-11,113350.1426
202606,63629.89368,39596.97058,0,24032.92311,63629.89368,0,18.4260922,2509.970833,-2.18279E-11,112927.2257
202607,75791.19442,47026.28387,0,28764.91054,75791.19442,0,28.61216124,2264.6875,-1.45519E-11,126855.6758